,url
0,https://www.newrock.com/ru/boot-black-ranger-with-laces-m-ranger112mt-s1#/20003-razmer-36
1,https://www.newrock.com/ru/ankle-boot-black-ranger-with-laces-m-ranger008mt-s3
2,https://www.newrock.com/ru/ankle-boot-black-ranger-with-laces-m-ranger006-v1#/20003-razmer-36
3,https://www.newrock.com/ru/ankle-boot-black-ranger-m-ranger034mt-s1#/20003-razmer-36
4,https://www.newrock.com/ru/shoe-black-skate-with-laces-m-skate001-s1#/20003-razmer-36
5,https://www.newrock.com/ru/shoe-green-chrono-with-laces-m-chrono002-c26#/20003-razmer-36
6,https://www.newrock.com/ru/black-extralight-with-laces-m-chrono001-c17
7,https://www.newrock.com/ru/m-chrono006-s7#/20008-razmer-41
8,https://www.newrock.com/ru/m-chrono003-s4
9,https://www.newrock.com/ru/ankle-boot-tower-m-wall007-c5
10,https://www.newrock.com/ru/tower-bio-black-m-bios103-c15#/20003-razmer-36
11,https://www.newrock.com/ru/ankle-boot-black-ranger-with-laces-m-ranger006-s2#/20005-razmer-38
12,https://www.newrock.com/ru/m-ranger112mtes-s1
13,https://www.newrock.com/ru/boot-black-planing-m-ranger036-s1#/20004-razmer-37
14,https://www.newrock.com/ru/m-bios137-v4
15,https://www.newrock.com/ru/bio-black-tower-m-bios101sf-v3
16,https://www.newrock.com/ru/black-abs-with-laces-m-chrono003-s3#/20009-razmer-42
17,https://www.newrock.com/ru/shoe-black-extralight-with-laces-m-chrono001-c16#/20008-razmer-41
18,https://www.newrock.com/ru/m-ranger008mt-s5#/20004-razmer-37
19,https://www.newrock.com/ru/shoe-alaska-ranger-with-laces-m-ranger042-s2#/20003-razmer-36
20,https://www.newrock.com/ru/ankle-boot-tower-m-wall038-s2#/20004-razmer-37
21,https://www.newrock.com/ru/shoe-black-ranger-with-laces-m-ranger042-v1#/20004-razmer-37
22,https://www.newrock.com/ru/m-trcasco009es-v1
23,https://www.newrock.com/ru/m-trcasco004es-v2
24,https://www.newrock.com/ru/m-chrono002-v23#/20007-razmer-40
25,https://www.newrock.com/ru/ankle-boot-black-tower-with-laces-m-wall005nn-s1#/20003-razmer-36
26,https://www.newrock.com/ru/m-impact010-rv1#/20003-razmer-36
27,https://www.newrock.com/ru/black-tank-m-bios106-v3
28,https://www.newrock.com/ru/sneaker-black-hybrid-with-laces-m-chrono002-v22#/20007-razmer-40
29,https://www.newrock.com/ru/m-wall134c-c1
30,https://www.newrock.com/ru/ankle-boot-black-ranger-m-ranger008cmtc-v2
31,https://www.newrock.com/ru/m-trcasco007es-v2
32,https://www.newrock.com/ru/ankle-boot-tank-m-bios106-s10
33,https://www.newrock.com/ru/black-abs-with-laces-m-chrono002-c23#/20007-razmer-40
34,https://www.newrock.com/ru/shoe-black-tower-with-laces-m-wall211-s1#/20003-razmer-36
35,https://www.newrock.com/ru/ankle-boot-tower-with-laces-m-wall025n-c5#/20004-razmer-37
36,https://www.newrock.com/ru/tower-m-bios101sf-r1#/20006-razmer-39
37,https://www.newrock.com/ru/ankle-boot-black-tank-m-bios106-s9
38,https://www.newrock.com/ru/shoe-alaska-ranger-with-laces-m-ranger043-s2
39,https://www.newrock.com/ru/ankle-boot-tower-m-wall005-v24
40,https://www.newrock.com/ru/m-chrono005-s2#/20005-razmer-38
41,https://www.newrock.com/ru/m-373r-v2#/20004-razmer-37
42,https://www.newrock.com/ru/m-wall005-v52#/20003-razmer-36
43,https://www.newrock.com/ru/boot-black-ranger-m-ranger373-s2
44,https://www.newrock.com/ru/ankle-boot-black-tank-m-bios107-c3#/20006-razmer-39
45,https://www.newrock.com/ru/m-wall126-v5#/20004-razmer-37
46,https://www.newrock.com/ru/m-chrono005-s8
47,https://www.newrock.com/ru/m-wall005-v51#/20004-razmer-37
48,https://www.newrock.com/ru/shoe-black-hybrid-with-laces-m-chrono002-c22#/20008-razmer-41
49,https://www.newrock.com/ru/high-boot-black-tower-with-laces-m-wall027n-c2#/20003-razmer-36
50,https://www.newrock.com/ru/m-wall1473-v6#/20004-razmer-37
51,https://www.newrock.com/ru/m-wall211-v1#/20004-razmer-37
52,https://www.newrock.com/ru/ankle-boot-black-ranger-with-laces-m-ranger046-v1
53,https://www.newrock.com/ru/m-ranger006es-s2
54,https://www.newrock.com/ru/m-wall005-v53#/20004-razmer-37
55,https://www.newrock.com/ru/m-bios105-r2#/20004-razmer-37
56,https://www.newrock.com/ru/w-nrlwj068-s7
57,https://www.newrock.com/ru/shoe-black-ranger-with-laces-m-ranger043-v1#/20004-razmer-37
58,https://www.newrock.com/ru/ankle-boot-alaska-ranger-with-laces-m-ranger046-s2#/20004-razmer-37
59,https://www.newrock.com/ru/metallic-m-mili083nsv-v1#/20004-razmer-37
60,https://www.newrock.com/ru/bio-black-tank-m-bios107b-s1#/20007-razmer-40
61,https://www.newrock.com/ru/m-impact010-rv4#/20005-razmer-38
62,https://www.newrock.com/ru/m-wall005-v54#/20004-razmer-37
63,https://www.newrock.com/ru/m-ranger049mtc-v1#/20003-razmer-36
64,https://www.newrock.com/ru/ankle-boot-alaska-m-montagna003-s2#/20006-razmer-39
65,https://www.newrock.com/ru/m-rebel001-v3#/20003-razmer-36
66,https://www.newrock.com/ru/m-1548-rv13#/20003-razmer-36
67,https://www.newrock.com/ru/m-wall211-v3#/20005-razmer-38
68,https://www.newrock.com/ru/boot-alaska-ranger-m-ranger008h-s4#/20004-razmer-37
69,https://www.newrock.com/ru/ankle-boot-tower-m-wall005-v22#/20004-razmer-37
70,https://www.newrock.com/ru/m-bios107-v2
71,https://www.newrock.com/ru/ankle-boot-black-m-montagna003-v1#/20008-razmer-41
72,https://www.newrock.com/ru/ankle-boot-ranger-m-ranger013mt-v1
73,https://www.newrock.com/ru/shoe-black-tower-with-laces-m-120n-c35#/20005-razmer-38
74,https://www.newrock.com/ru/m-373r-c2
75,https://www.newrock.com/ru/black-tank-with-laces-m-bios137-v1#/20010-razmer-43
76,https://www.newrock.com/ru/w-nrlwj068-s5#/20205-razmer-m
77,https://www.newrock.com/ru/shoe-black-chrono-with-laces-m-chrono005-s1#/20003-razmer-36
78,https://www.newrock.com/ru/m-ranger003-v2#/20004-razmer-37
79,https://www.newrock.com/ru/m-rebel001-v1#/20003-razmer-36
80,https://www.newrock.com/ru/m-wall1473-v8#/20011-razmer-44
81,https://www.newrock.com/ru/w-nrlwj068-s9#/20206-razmer-l
82,https://www.newrock.com/ru/bio-black-tower-m-bios120-v1#/20012-razmer-45
83,https://www.newrock.com/ru/m-montagna003-s1#/20006-razmer-39
84,https://www.newrock.com/ru/m-tr149-s2
85,https://www.newrock.com/ru/ankle-boot-metallic-m-mili210parche-c1
86,https://www.newrock.com/ru/ankle-boot-black-planing-m-1482x-s4#/20006-razmer-39
87,https://www.newrock.com/ru/m-ranger112mt-s2#/20005-razmer-38
88,https://www.newrock.com/ru/m-wall005-v72#/20005-razmer-38
89,https://www.newrock.com/ru/m-wall211-v4#/20005-razmer-38
90,https://www.newrock.com/ru/m-wall126-v1#/20004-razmer-37
91,https://www.newrock.com/ru/boot-black-tank-m-bios107-s5#/20007-razmer-40
92,https://www.newrock.com/ru/shoe-black-ranger-with-laces-m-ranger042-s1#/20003-razmer-36
93,https://www.newrock.com/ru/m-nw159-s1#/20008-razmer-41
94,https://www.newrock.com/ru/m-106n-s78
95,https://www.newrock.com/ru/shoe-black-creeper15-with-laces-m-creeper002-v6
96,https://www.newrock.com/ru/boot-punk-m-punk049-s1
97,https://www.newrock.com/ru/m-punk001-r21
98,https://www.newrock.com/ru/m-wall126-v6#/20004-razmer-37
99,https://www.newrock.com/ru/m-chrono006-s3
100,https://www.newrock.com/ru/shoe-black-b-light-with-laces-m-pisa101-s51
101,https://www.newrock.com/ru/m-montagna002-v1
102,https://www.newrock.com/ru/shoe-ranger-m-ranger003mtc-v1#/20003-razmer-36
103,https://www.newrock.com/ru/tower-m-106n-r27
104,https://www.newrock.com/ru/m-ranger112mt-r1#/20009-razmer-42
105,https://www.newrock.com/ru/m-bios106-v7
106,https://www.newrock.com/ru/ankle-boot-black-tower-with-laces-m-106-r87
107,https://www.newrock.com/ru/m-vip96007-s7#/20009-razmer-42
108,https://www.newrock.com/ru/ankle-boot-black-ranger-with-laces-m-ranger046-s1
109,https://www.newrock.com/ru/shoe-black-ranger-with-laces-m-ranger043-s1
110,https://www.newrock.com/ru/m-rebel001-v2#/20006-razmer-39
111,https://www.newrock.com/ru/m-7601c-c1#/20009-razmer-42
112,https://www.newrock.com/ru/shoe-black-creeper-with-laces-m-creepers002-v5#/20003-razmer-36
113,https://www.newrock.com/ru/shoe-tower-with-laces-m-wall002-c10
114,https://www.newrock.com/ru/ankle-boot-black-platfacero-m-punk003-c1#/20005-razmer-38
115,https://www.newrock.com/ru/tower-m-mili083cc-r21
116,https://www.newrock.com/ru/high-boot-black-new-with-laces-m-mag026-r1#/20003-razmer-36
117,https://www.newrock.com/ru/tank-m-wall211-r24#/20003-razmer-36
118,https://www.newrock.com/ru/m-ranger034mt-r1#/20003-razmer-36
119,https://www.newrock.com/ru/black-reactor-with-laces-m-994-r12
120,https://www.newrock.com/ru/reactor-m-235-r14#/20003-razmer-36
121,https://www.newrock.com/ru/tank-m-wall211-r20#/20003-razmer-36
122,https://www.newrock.com/ru/tank-m-wall211-r16#/20003-razmer-36
123,https://www.newrock.com/ru/tank-m-wall007-r18#/20003-razmer-36
124,https://www.newrock.com/ru/tank-m-wall007-r17#/20003-razmer-36
125,https://www.newrock.com/ru/m-107-r51
126,https://www.newrock.com/ru/ankle-boot-trail-m-tr003-vr4
127,https://www.newrock.com/ru/m-373mt-c8#/20003-razmer-36
128,https://www.newrock.com/ru/m-2246-r472
129,https://www.newrock.com/ru/m-994-r3
130,https://www.newrock.com/ru/neo-m-sp9842-r2#/20005-razmer-38
131,https://www.newrock.com/ru/pisos-m-bio17-r10#/20003-razmer-36
132,https://www.newrock.com/ru/m-newmili083-r44#/20012-razmer-45
133,https://www.newrock.com/ru/m-wall126n-r1
134,https://www.newrock.com/ru/m-punk225-r4#/20010-razmer-43
135,https://www.newrock.com/ru/w-nrlwj068-s8#/20208-razmer-xxl
136,https://www.newrock.com/ru/m-272-r21#/20008-razmer-41
137,https://www.newrock.com/ru/high-boot-black-trail-with-laces-m-tr005-r1
138,https://www.newrock.com/ru/m-wst057-s8
139,https://www.newrock.com/ru/w-nrlwj018-s1
140,https://www.newrock.com/ru/boot-cuero-motorcycle-m-7610c-c5
141,https://www.newrock.com/ru/shoe-black-creeper-m-creepers004-v1
142,https://www.newrock.com/ru/m-rebel001-v4#/20004-razmer-37
143,https://www.newrock.com/ru/boot-black-tower-with-laces-m-wall127n-c1
144,https://www.newrock.com/ru/ankle-boot-austin-m-austin001-v1
145,https://www.newrock.com/ru/shoe-tower-with-laces-m-wall002-c7
146,https://www.newrock.com/ru/metallic-m-bios103-c2
147,https://www.newrock.com/ru/boot-metallic-m-newmili084n-s59
148,https://www.newrock.com/ru/boot-metallic-m-newmili119-s4
149,https://www.newrock.com/ru/ankle-boot-newman-m-nw133-s5
150,https://www.newrock.com/ru/w-nrh10-r1
151,https://www.newrock.com/ru/shoe-west-m-wst002-s1
152,https://www.newrock.com/ru/reactor-m-bios108-c3#/20013-razmer-46
153,https://www.newrock.com/ru/high-boot-punk-m-punk062-s1#/20007-razmer-40
154,https://www.newrock.com/ru/ankle-boot-motorcycle-m-7605-s1#/20005-razmer-38
